Workbook

Sheet 지표 요약
A1: 계산 결과 스냅샷입니다 (가져오기 시 무시). "(합산)" 은 하위 기간에서 계산된 기간. 입력을 고치려면 "입력 데이터" 시트를 수정하세요. HCROI = (영업이익 + 총 인건비) ÷ 총 인건비
A2: 기간 | B2: HCROI(배) | C2: HCROI(%) | D2: 등급 | E2: HCVA(원/인) | F2: 매출액(원) | G2: 영업이익(원) | H2: 총 인건비(원) | I2: 비인건비 영업비용(원) | J2: 총 임직원 수(명) | K2: 인당 매출(원/인) | L2: 인당 인건비(원/인) | M2: 영업이익률(%) | N2: 매출 대비 인건비율(%)
A3: 2023년 1분기 | B3: 1.1006944 | C3: 110.06944 | D3: 보통 | E3: 17135135 | F3: 2112000000 | G3: 58000000 | H3: 576000000 | I3: 1478000000 | J3: 37 | K3: 57081081 | L3: 15567568 | M3: 2.7462121 | N3: 27.272727
A4: 2023년 2분기 | B4: 1.1840278 | C4: 118.40278 | D4: 보통 | E4: 17947368 | F4: 2304000000 | G4: 106000000 | H4: 576000000 | I4: 1622000000 | J4: 38 | K4: 60631579 | L4: 15157895 | M4: 4.6006944 | N4: 25
A5: 2023년 상반기 (합산) | B5: 1.1423611 | C5: 114.23611 | D5: 보통 | E5: 34631579 | F5: 4416000000 | G5: 164000000 | H5: 1152000000 | I5: 3100000000 | J5: 38 | K5: 1.1621053e+08 | L5: 30315789 | M5: 3.7137681 | N5: 26.086957
A6: 2023년 3분기 | B6: 1.2326389 | C6: 123.26389 | D6: 보통 | E6: 18205128 | F6: 2496000000 | G6: 134000000 | H6: 576000000 | I6: 1786000000 | J6: 39 | K6: 64000000 | L6: 14769231 | M6: 5.3685897 | N6: 23.076923
A7: 2023년 4분기 | B7: 1.2708333 | C7: 127.08333 | D7: 보통 | E7: 21350000 | F7: 2688000000 | G7: 182000000 | H7: 672000000 | I7: 1834000000 | J7: 40 | K7: 67200000 | L7: 16800000 | M7: 6.7708333 | N7: 25
A8: 2023년 하반기 (합산) | B8: 1.2532051 | C8: 125.32051 | D8: 보통 | E8: 39100000 | F8: 5184000000 | G8: 316000000 | H8: 1248000000 | I8: 3620000000 | J8: 40 | K8: 129600000 | L8: 31200000 | M8: 6.095679 | N8: 24.074074
A9: 2023년 (합산) | B9: 1.2 | C9: 120 | D9: 보통 | E9: 73846154 | F9: 9600000000 | G9: 480000000 | H9: 2400000000 | I9: 6720000000 | J9: 39 | K9: 2.4615385e+08 | L9: 61538462 | M9: 5 | N9: 25
A10: 2024년 1분기 | B10: 1.1428571 | C10: 114.28571 | D10: 보통 | E10: 18731707 | F10: 2420000000 | G10: 96000000 | H10: 672000000 | I10: 1652000000 | J10: 41 | K10: 59024390 | L10: 16390244 | M10: 3.9669421 | N10: 27.768595
A11: 2024년 2분기 | B11: 1.2619048 | C11: 126.19048 | D11: 보통 | E11: 20190476 | F11: 2640000000 | G11: 176000000 | H11: 672000000 | I11: 1792000000 | J11: 42 | K11: 62857143 | L11: 16000000 | M11: 6.6666667 | N11: 25.454545
A12: 2024년 상반기 (합산) | B12: 1.202381 | C12: 120.2381 | D12: 보통 | E12: 38476190 | F12: 5060000000 | G12: 272000000 | H12: 1344000000 | I12: 3444000000 | J12: 42 | K12: 1.2047619e+08 | L12: 32000000 | M12: 5.3754941 | N12: 26.561265
A13: 2024년 3분기 | B13: 1.3333333 | C13: 133.33333 | D13: 보통 | E13: 20837209 | F13: 2860000000 | G13: 224000000 | H13: 672000000 | I13: 1964000000 | J13: 43 | K13: 66511628 | L13: 15627907 | M13: 7.8321678 | N13: 23.496503
A14: 2024년 4분기 | B14: 1.3877551 | C14: 138.77551 | D14: 보통 | E14: 24727273 | F14: 3080000000 | G14: 304000000 | H14: 784000000 | I14: 1992000000 | J14: 44 | K14: 70000000 | L14: 17818182 | M14: 9.8701299 | N14: 25.454545
... A23: 2025년 (합산) | B23: 1.483871 | C23: 148.3871 | D23: 보통 | E23: 97872340 | F23: 12800000000 | G23: 1500000000 | H23: 3100000000 | I23: 8200000000 | J23: 47 | K23: 2.7234043e+08 | L23: 65957447 | M23: 11.71875 | N23: 24.21875

Sheet 입력 데이터
A1: 연도 * | B1: 기간 | C1: 매출액(원) * | D1: 영업비용(인건비 포함)(원) | E1: 영업이익(원) | F1: 총 임직원 수(명) * | G1: 정규직(명) | H1: 계약직·기간제(명) | I1: 파견·도급(소속 외)(명) | J1: 등기임원(명) | K1: 총 인건비(원) * | L1: 기본급(원) | M1: 성과급/수당(원) | N1: 퇴직급여(원) | O1: 법정후생비(원) | P1: 기타 복리후생비(원) | Q1: 교육훈련비(원) | R1: 메모 | S1: 검증
A2: 예: 2025 | B2: 비우면 연간. 목록에서 고르세요: 상반기·하반기 / 1~4분기 / 1~12월. 값은 그 기간 실적 그대로(누계면 조직 정보 시트에서 설정) | C2: 금액 단위는 조직 정보 시트(기본 원) | D2: 영업이익과 둘 중 하나만 있으면 됨 (둘 다 있으면 영업비용 우선) | E2: 영업비용을 모를 때 대신 입력 | F2: 정수. 인원 구분을 채우면 비워도 됨(합계로 채움) | G2: 선택. 인원 구분을 쓰면 총 임직원 수는 이 구분들의 합계로 계산됨(정규직은 항상 포함) | H2: 선택. 조직 정보 시트의 산정 기준에서 "포함"으로 둔 구분만 총원에 더해짐 | I2: 선택. 조직 정보 시트의 산정 기준에서 "포함"으로 둔 구분만 총원에 더해짐 | J2: 선택. 조직 정보 시트의 산정 기준에서 "포함"으로 둔 구분만 총원에 더해짐 | K2: 세부 6항목을 채우면 비워도 됨(합계로 채움) | L2: 선택. 일부만 채워도 됨(차액은 미분류). 합계가 총 인건비보다 크면 오류 | M2: 선택. 일부만 채워도 됨(차액은 미분류). 합계가 총 인건비보다 크면 오류 | N2: 선택. 일부만 채워도 됨(차액은 미분류). 합계가 총 인건비보다 크면 오류 | O2: 선택. 일부만 채워도 됨(차액은 미분류). 합계가 총 인건비보다 크면 오류 | P2: 선택. 일부만 채워도 됨(차액은 미분류). 합계가 총 인건비보다 크면 오류 | Q2: 선택. 일부만 채워도 됨(차액은 미분류). 합계가 총 인건비보다 크면 오류 | R2: 선택 | S2: 자동 검사(수식). 비어 있으면 정상. 가져오기 때 읽지 않습니다
A3: 2023 | B3: 1분기 | C3: 2112000000 | D3: 2054000000 | E3: 58000000 | F3: 37 | G3: 37 | H3: 3 | I3: 2 | J3: 3 | K3: 576000000 | L3: 374000000 | M3: 86000000 | N3: 46000000 | O3: 0 | P3: 40000000 | Q3: 0 | R3: 샘플(가상) | S3: =IF(A3="","",TRIM(IF(AND(D3="",E3=""),"영업비용/영업이익 없음 ","")&IF(AND(F3="",SUM(G3:J3)=0),"임직원 수 없음 ","")&IF(AND(K3="",SUM(L3:Q3)=0),"총 인건비 없음 ","")&IF(AND(K3<>"",SUM(L3:Q3)>K3),"세부 합계>총 인건비 ","")&IF(AND(F3<>"",SUM(G3:J3)>0,F3<>G3+IF('조직 정보'!$B$5="예",H3,0)+IF('조직 정보'!$B$6="예",I3,0)+IF('조직 정보'!$B$7="예",J3,0)),"총원≠인원 구분 합계 ","")&IF(AND(K3<>"",D3<>"",K3>D3),"인건비>영업비용 ","")&IF(C3="","매출액 없음 ","")))
A4: 2023 | B4: 2분기 | C4: 2304000000 | D4: 2198000000 | E4: 106000000 | F4: 38 | G4: 38 | H4: 3 | I4: 2 | J4: 3 | K4: 576000000 | L4: 374000000 | M4: 86000000 | N4: 46000000 | O4: 0 | P4: 40000000 | Q4: 0 | R4: 샘플(가상) | S4: =IF(A4="","",TRIM(IF(AND(D4="",E4=""),"영업비용/영업이익 없음 ","")&IF(AND(F4="",SUM(G4:J4)=0),"임직원 수 없음 ","")&IF(AND(K4="",SUM(L4:Q4)=0),"총 인건비 없음 ","")&IF(AND(K4<>"",SUM(L4:Q4)>K4),"세부 합계>총 인건비 ","")&IF(AND(F4<>"",SUM(G4:J4)>0,F4<>G4+IF('조직 정보'!$B$5="예",H4,0)+IF('조직 정보'!$B$6="예",I4,0)+IF('조직 정보'!$B$7="예",J4,0)),"총원≠인원 구분 합계 ","")&IF(AND(K4<>"",D4<>"",K4>D4),"인건비>영업비용 ","")&IF(C4="","매출액 없음 ","")))
A5: 2023 | B5: 3분기 | C5: 2496000000 | D5: 2362000000 | E5: 134000000 | F5: 39 | G5: 39 | H5: 4 | I5: 2 | J5: 3 | K5: 576000000 | L5: 374000000 | M5: 86000000 | N5: 46000000 | O5: 0 | P5: 40000000 | Q5: 0 | R5: 샘플(가상) | S5: =IF(A5="","",TRIM(IF(AND(D5="",E5=""),"영업비용/영업이익 없음 ","")&IF(AND(F5="",SUM(G5:J5)=0),"임직원 수 없음 ","")&IF(AND(K5="",SUM(L5:Q5)=0),"총 인건비 없음 ","")&IF(AND(K5<>"",SUM(L5:Q5)>K5),"세부 합계>총 인건비 ","")&IF(AND(F5<>"",SUM(G5:J5)>0,F5<>G5+IF('조직 정보'!$B$5="예",H5,0)+IF('조직 정보'!$B$6="예",I5,0)+IF('조직 정보'!$B$7="예",J5,0)),"총원≠인원 구분 합계 ","")&IF(AND(K5<>"",D5<>"",K5>D5),"인건비>영업비용 ","")&IF(C5="","매출액 없음 ","")))
A6: 2023 | B6: 4분기 | C6: 2688000000 | D6: 2506000000 | E6: 182000000 | F6: 40 | G6: 40 | H6: 4 | I6: 2 | J6: 3 | K6: 672000000 | L6: 437000000 | M6: 101000000 | N6: 54000000 | O6: 0 | P6: 47000000 | Q6: 0 | R6: 샘플(가상) | S6: =IF(A6="","",TRIM(IF(AND(D6="",E6=""),"영업비용/영업이익 없음 ","")&IF(AND(F6="",SUM(G6:J6)=0),"임직원 수 없음 ","")&IF(AND(K6="",SUM(L6:Q6)=0),"총 인건비 없음 ","")&IF(AND(K6<>"",SUM(L6:Q6)>K6),"세부 합계>총 인건비 ","")&IF(AND(F6<>"",SUM(G6:J6)>0,F6<>G6+IF('조직 정보'!$B$5="예",H6,0)+IF('조직 정보'!$B$6="예",I6,0)+IF('조직 정보'!$B$7="예",J6,0)),"총원≠인원 구분 합계 ","")&IF(AND(K6<>"",D6<>"",K6>D6),"인건비>영업비용 ","")&IF(C6="","매출액 없음 ","")))
A7: 2024 | B7: 1분기 | C7: 2420000000 | D7: 2324000000 | E7: 96000000 | F7: 41 | G7: 41 | H7: 4 | I7: 2 | J7: 3 | K7: 672000000 | L7: 437000000 | M7: 101000000 | N7: 54000000 | O7: 0 | P7: 47000000 | Q7: 0 | R7: 샘플(가상) | S7: =IF(A7="","",TRIM(IF(AND(D7="",E7=""),"영업비용/영업이익 없음 ","")&IF(AND(F7="",SUM(G7:J7)=0),"임직원 수 없음 ","")&IF(AND(K7="",SUM(L7:Q7)=0),"총 인건비 없음 ","")&IF(AND(K7<>"",SUM(L7:Q7)>K7),"세부 합계>총 인건비 ","")&IF(AND(F7<>"",SUM(G7:J7)>0,F7<>G7+IF('조직 정보'!$B$5="예",H7,0)+IF('조직 정보'!$B$6="예",I7,0)+IF('조직 정보'!$B$7="예",J7,0)),"총원≠인원 구분 합계 ","")&IF(AND(K7<>"",D7<>"",K7>D7),"인건비>영업비용 ","")&IF(C7="","매출액 없음 ","")))
A8: 2024 | B8: 2분기 | C8: 2640000000 | D8: 2464000000 | E8: 176000000 | F8: 42 | G8: 42 | H8: 4 | I8: 2 | J8: 3 | K8: 672000000 | L8: 437000000 | M8: 101000000 | N8: 54000000 | O8: 0 | P8: 47000000 | Q8: 0 | R8: 샘플(가상) | S8: =IF(A8="","",TRIM(IF(AND(D8="",E8=""),"영업비용/영업이익 없음 ","")&IF(AND(F8="",SUM(G8:J8)=0),"임직원 수 없음 ","")&IF(AND(K8="",SUM(L8:Q8)=0),"총 인건비 없음 ","")&IF(AND(K8<>"",SUM(L8:Q8)>K8),"세부 합계>총 인건비 ","")&IF(AND(F8<>"",SUM(G8:J8)>0,F8<>G8+IF('조직 정보'!$B$5="예",H8,0)+IF('조직 정보'!$B$6="예",I8,0)+IF('조직 정보'!$B$7="예",J8,0)),"총원≠인원 구분 합계 ","")&IF(AND(K8<>"",D8<>"",K8>D8),"인건비>영업비용 ","")&IF(C8="","매출액 없음 ","")))
A9: 2024 | B9: 3분기 | C9: 2860000000 | D9: 2636000000 | E9: 224000000 | F9: 43 | G9: 43 | H9: 5 | I9: 2 | J9: 3 | K9: 672000000 | L9: 437000000 | M9: 101000000 | N9: 54000000 | O9: 0 | P9: 47000000 | Q9: 0 | R9: 샘플(가상) | S9: =IF(A9="","",TRIM(IF(AND(D9="",E9=""),"영업비용/영업이익 없음 ","")&IF(AND(F9="",SUM(G9:J9)=0),"임직원 수 없음 ","")&IF(AND(K9="",SUM(L9:Q9)=0),"총 인건비 없음 ","")&IF(AND(K9<>"",SUM(L9:Q9)>K9),"세부 합계>총 인건비 ","")&IF(AND(F9<>"",SUM(G9:J9)>0,F9<>G9+IF('조직 정보'!$B$5="예",H9,0)+IF('조직 정보'!$B$6="예",I9,0)+IF('조직 정보'!$B$7="예",J9,0)),"총원≠인원 구분 합계 ","")&IF(AND(K9<>"",D9<>"",K9>D9),"인건비>영업비용 ","")&IF(C9="","매출액 없음 ","")))
A10: 2024 | B10: 4분기 | C10: 3080000000 | D10: 2776000000 | E10: 304000000 | F10: 44 | G10: 44 | H10: 5 | I10: 2 | J10: 3 | K10: 784000000 | L10: 510000000 | M10: 118000000 | N10: 63000000 | O10: 0 | P10: 55000000 | Q10: 0 | R10: 샘플(가상) | S10: =IF(A10="","",TRIM(IF(AND(D10="",E10=""),"영업비용/영업이익 없음 ","")&IF(AND(F10="",SUM(G10:J10)=0),"임직원 수 없음 ","")&IF(AND(K10="",SUM(L10:Q10)=0),"총 인건비 없음 ","")&IF(AND(K10<>"",SUM(L10:Q10)>K10),"세부 합계>총 인건비 ","")&IF(AND(F10<>"",SUM(G10:J10)>0,F10<>G10+IF('조직 정보'!$B$5="예",H10,0)+IF('조직 정보'!$B$6="예",I10,0)+IF('조직 정보'!$B$7="예",J10,0)),"총원≠인원 구분 합계 ","")&IF(AND(K10<>"",D10<>"",K10>D10),"인건비>영업비용 ","")&IF(C10="","매출액 없음 ","")))
A11: 2025 | B11: 1분기 | C11: 2816000000 | D11: 2636000000 | E11: 180000000 | F11: 45 | G11: 45 | H11: 5 | I11: 2 | J11: 3 | K11: 744000000 | L11: 484000000 | M11: 112000000 | N11: 60000000 | O11: 0 | P11: 52000000 | Q11: 0 | R11: 샘플(가상) | S11: =IF(A11="","",TRIM(IF(AND(D11="",E11=""),"영업비용/영업이익 없음 ","")&IF(AND(F11="",SUM(G11:J11)=0),"임직원 수 없음 ","")&IF(AND(K11="",SUM(L11:Q11)=0),"총 인건비 없음 ","")&IF(AND(K11<>"",SUM(L11:Q11)>K11),"세부 합계>총 인건비 ","")&IF(AND(F11<>"",SUM(G11:J11)>0,F11<>G11+IF('조직 정보'!$B$5="예",H11,0)+IF('조직 정보'!$B$6="예",I11,0)+IF('조직 정보'!$B$7="예",J11,0)),"총원≠인원 구분 합계 ","")&IF(AND(K11<>"",D11<>"",K11>D11),"인건비>영업비용 ","")&IF(C11="","매출액 없음 ","")))
A12: 2025 | B12: 2분기 | C12: 3072000000 | D12: 2742000000 | E12: 330000000 | F12: 46 | G12: 46 | H12: 5 | I12: 2 | J12: 3 | K12: 744000000 | L12: 484000000 | M12: 112000000 | N12: 60000000 | O12: 0 | P12: 52000000 | Q12: 0 | R12: 샘플(가상) | S12: =IF(A12="","",TRIM(IF(AND(D12="",E12=""),"영업비용/영업이익 없음 ","")&IF(AND(F12="",SUM(G12:J12)=0),"임직원 수 없음 ","")&IF(AND(K12="",SUM(L12:Q12)=0),"총 인건비 없음 ","")&IF(AND(K12<>"",SUM(L12:Q12)>K12),"세부 합계>총 인건비 ","")&IF(AND(F12<>"",SUM(G12:J12)>0,F12<>G12+IF('조직 정보'!$B$5="예",H12,0)+IF('조직 정보'!$B$6="예",I12,0)+IF('조직 정보'!$B$7="예",J12,0)),"총원≠인원 구분 합계 ","")&IF(AND(K12<>"",D12<>"",K12>D12),"인건비>영업비용 ","")&IF(C12="","매출액 없음 ","")))
A13: 2025 | B13: 3분기 | C13: 3328000000 | D13: 2908000000 | E13: 420000000 | F13: 47 | G13: 47 | H13: 5 | I13: 2 | J13: 3 | K13: 744000000 | L13: 484000000 | M13: 112000000 | N13: 60000000 | O13: 0 | P13: 52000000 | Q13: 0 | R13: 샘플(가상) | S13: =IF(A13="","",TRIM(IF(AND(D13="",E13=""),"영업비용/영업이익 없음 ","")&IF(AND(F13="",SUM(G13:J13)=0),"임직원 수 없음 ","")&IF(AND(K13="",SUM(L13:Q13)=0),"총 인건비 없음 ","")&IF(AND(K13<>"",SUM(L13:Q13)>K13),"세부 합계>총 인건비 ","")&IF(AND(F13<>"",SUM(G13:J13)>0,F13<>G13+IF('조직 정보'!$B$5="예",H13,0)+IF('조직 정보'!$B$6="예",I13,0)+IF('조직 정보'!$B$7="예",J13,0)),"총원≠인원 구분 합계 ","")&IF(AND(K13<>"",D13<>"",K13>D13),"인건비>영업비용 ","")&IF(C13="","매출액 없음 ","")))
A14: 2025 | B14: 4분기 | C14: 3584000000 | D14: 3014000000 | E14: 570000000 | F14: 48 | G14: 48 | H14: 6 | I14: 2 | J14: 3 | K14: 868000000 | L14: 564000000 | M14: 130000000 | N14: 69000000 | O14: 0 | P14: 61000000 | Q14: 0 | R14: 샘플(가상) | S14: =IF(A14="","",TRIM(IF(AND(D14="",E14=""),"영업비용/영업이익 없음 ","")&IF(AND(F14="",SUM(G14:J14)=0),"임직원 수 없음 ","")&IF(AND(K14="",SUM(L14:Q14)=0),"총 인건비 없음 ","")&IF(AND(K14<>"",SUM(L14:Q14)>K14),"세부 합계>총 인건비 ","")&IF(AND(F14<>"",SUM(G14:J14)>0,F14<>G14+IF('조직 정보'!$B$5="예",H14,0)+IF('조직 정보'!$B$6="예",I14,0)+IF('조직 정보'!$B$7="예",J14,0)),"총원≠인원 구분 합계 ","")&IF(AND(K14<>"",D14<>"",K14>D14),"인건비>영업비용 ","")&IF(C14="","매출액 없음 ","")))
S15: =IF(A15="","",TRIM(IF(AND(D15="",E15=""),"영업비용/영업이익 없음 ","")&IF(AND(F15="",SUM(G15:J15)=0),"임직원 수 없음 ","")&IF(AND(K15="",SUM(L15:Q15)=0),"총 인건비 없음 ","")&IF(AND(K15<>"",SUM(L15:Q15)>K15),"세부 합계>총 인건비 ","")&IF(AND(F15<>"",SUM(G15:J15)>0,F15<>G15+IF('조직 정보'!$B$5="예",H15,0)+IF('조직 정보'!$B$6="예",I15,0)+IF('조직 정보'!$B$7="예",J15,0)),"총원≠인원 구분 합계 ","")&IF(AND(K15<>"",D15<>"",K15>D15),"인건비>영업비용 ","")&IF(C15="","매출액 없음 ","")))
S16: =IF(A16="","",TRIM(IF(AND(D16="",E16=""),"영업비용/영업이익 없음 ","")&IF(AND(F16="",SUM(G16:J16)=0),"임직원 수 없음 ","")&IF(AND(K16="",SUM(L16:Q16)=0),"총 인건비 없음 ","")&IF(AND(K16<>"",SUM(L16:Q16)>K16),"세부 합계>총 인건비 ","")&IF(AND(F16<>"",SUM(G16:J16)>0,F16<>G16+IF('조직 정보'!$B$5="예",H16,0)+IF('조직 정보'!$B$6="예",I16,0)+IF('조직 정보'!$B$7="예",J16,0)),"총원≠인원 구분 합계 ","")&IF(AND(K16<>"",D16<>"",K16>D16),"인건비>영업비용 ","")&IF(C16="","매출액 없음 ","")))
S17: =IF(A17="","",TRIM(IF(AND(D17="",E17=""),"영업비용/영업이익 없음 ","")&IF(AND(F17="",SUM(G17:J17)=0),"임직원 수 없음 ","")&IF(AND(K17="",SUM(L17:Q17)=0),"총 인건비 없음 ","")&IF(AND(K17<>"",SUM(L17:Q17)>K17),"세부 합계>총 인건비 ","")&IF(AND(F17<>"",SUM(G17:J17)>0,F17<>G17+IF('조직 정보'!$B$5="예",H17,0)+IF('조직 정보'!$B$6="예",I17,0)+IF('조직 정보'!$B$7="예",J17,0)),"총원≠인원 구분 합계 ","")&IF(AND(K17<>"",D17<>"",K17>D17),"인건비>영업비용 ","")&IF(C17="","매출액 없음 ","")))
S18: =IF(A18="","",TRIM(IF(AND(D18="",E18=""),"영업비용/영업이익 없음 ","")&IF(AND(F18="",SUM(G18:J18)=0),"임직원 수 없음 ","")&IF(AND(K18="",SUM(L18:Q18)=0),"총 인건비 없음 ","")&IF(AND(K18<>"",SUM(L18:Q18)>K18),"세부 합계>총 인건비 ","")&IF(AND(F18<>"",SUM(G18:J18)>0,F18<>G18+IF('조직 정보'!$B$5="예",H18,0)+IF('조직 정보'!$B$6="예",I18,0)+IF('조직 정보'!$B$7="예",J18,0)),"총원≠인원 구분 합계 ","")&IF(AND(K18<>"",D18<>"",K18>D18),"인건비>영업비용 ","")&IF(C18="","매출액 없음 ","")))
S19: =IF(A19="","",TRIM(IF(AND(D19="",E19=""),"영업비용/영업이익 없음 ","")&IF(AND(F19="",SUM(G19:J19)=0),"임직원 수 없음 ","")&IF(AND(K19="",SUM(L19:Q19)=0),"총 인건비 없음 ","")&IF(AND(K19<>"",SUM(L19:Q19)>K19),"세부 합계>총 인건비 ","")&IF(AND(F19<>"",SUM(G19:J19)>0,F19<>G19+IF('조직 정보'!$B$5="예",H19,0)+IF('조직 정보'!$B$6="예",I19,0)+IF('조직 정보'!$B$7="예",J19,0)),"총원≠인원 구분 합계 ","")&IF(AND(K19<>"",D19<>"",K19>D19),"인건비>영업비용 ","")&IF(C19="","매출액 없음 ","")))
S20: =IF(A20="","",TRIM(IF(AND(D20="",E20=""),"영업비용/영업이익 없음 ","")&IF(AND(F20="",SUM(G20:J20)=0),"임직원 수 없음 ","")&IF(AND(K20="",SUM(L20:Q20)=0),"총 인건비 없음 ","")&IF(AND(K20<>"",SUM(L20:Q20)>K20),"세부 합계>총 인건비 ","")&IF(AND(F20<>"",SUM(G20:J20)>0,F20<>G20+IF('조직 정보'!$B$5="예",H20,0)+IF('조직 정보'!$B$6="예",I20,0)+IF('조직 정보'!$B$7="예",J20,0)),"총원≠인원 구분 합계 ","")&IF(AND(K20<>"",D20<>"",K20>D20),"인건비>영업비용 ","")&IF(C20="","매출액 없음 ","")))
S21: =IF(A21="","",TRIM(IF(AND(D21="",E21=""),"영업비용/영업이익 없음 ","")&IF(AND(F21="",SUM(G21:J21)=0),"임직원 수 없음 ","")&IF(AND(K21="",SUM(L21:Q21)=0),"총 인건비 없음 ","")&IF(AND(K21<>"",SUM(L21:Q21)>K21),"세부 합계>총 인건비 ","")&IF(AND(F21<>"",SUM(G21:J21)>0,F21<>G21+IF('조직 정보'!$B$5="예",H21,0)+IF('조직 정보'!$B$6="예",I21,0)+IF('조직 정보'!$B$7="예",J21,0)),"총원≠인원 구분 합계 ","")&IF(AND(K21<>"",D21<>"",K21>D21),"인건비>영업비용 ","")&IF(C21="","매출액 없음 ","")))
S22: =IF(A22="","",TRIM(IF(AND(D22="",E22=""),"영업비용/영업이익 없음 ","")&IF(AND(F22="",SUM(G22:J22)=0),"임직원 수 없음 ","")&IF(AND(K22="",SUM(L22:Q22)=0),"총 인건비 없음 ","")&IF(AND(K22<>"",SUM(L22:Q22)>K22),"세부 합계>총 인건비 ","")&IF(AND(F22<>"",SUM(G22:J22)>0,F22<>G22+IF('조직 정보'!$B$5="예",H22,0)+IF('조직 정보'!$B$6="예",I22,0)+IF('조직 정보'!$B$7="예",J22,0)),"총원≠인원 구분 합계 ","")&IF(AND(K22<>"",D22<>"",K22>D22),"인건비>영업비용 ","")&IF(C22="","매출액 없음 ","")))
S23: =IF(A23="","",TRIM(IF(AND(D23="",E23=""),"영업비용/영업이익 없음 ","")&IF(AND(F23="",SUM(G23:J23)=0),"임직원 수 없음 ","")&IF(AND(K23="",SUM(L23:Q23)=0),"총 인건비 없음 ","")&IF(AND(K23<>"",SUM(L23:Q23)>K23),"세부 합계>총 인건비 ","")&IF(AND(F23<>"",SUM(G23:J23)>0,F23<>G23+IF('조직 정보'!$B$5="예",H23,0)+IF('조직 정보'!$B$6="예",I23,0)+IF('조직 정보'!$B$7="예",J23,0)),"총원≠인원 구분 합계 ","")&IF(AND(K23<>"",D23<>"",K23>D23),"인건비>영업비용 ","")&IF(C23="","매출액 없음 ","")))
S24: =IF(A24="","",TRIM(IF(AND(D24="",E24=""),"영업비용/영업이익 없음 ","")&IF(AND(F24="",SUM(G24:J24)=0),"임직원 수 없음 ","")&IF(AND(K24="",SUM(L24:Q24)=0),"총 인건비 없음 ","")&IF(AND(K24<>"",SUM(L24:Q24)>K24),"세부 합계>총 인건비 ","")&IF(AND(F24<>"",SUM(G24:J24)>0,F24<>G24+IF('조직 정보'!$B$5="예",H24,0)+IF('조직 정보'!$B$6="예",I24,0)+IF('조직 정보'!$B$7="예",J24,0)),"총원≠인원 구분 합계 ","")&IF(AND(K24<>"",D24<>"",K24>D24),"인건비>영업비용 ","")&IF(C24="","매출액 없음 ","")))
S25: =IF(A25="","",TRIM(IF(AND(D25="",E25=""),"영업비용/영업이익 없음 ","")&IF(AND(F25="",SUM(G25:J25)=0),"임직원 수 없음 ","")&IF(AND(K25="",SUM(L25:Q25)=0),"총 인건비 없음 ","")&IF(AND(K25<>"",SUM(L25:Q25)>K25),"세부 합계>총 인건비 ","")&IF(AND(F25<>"",SUM(G25:J25)>0,F25<>G25+IF('조직 정보'!$B$5="예",H25,0)+IF('조직 정보'!$B$6="예",I25,0)+IF('조직 정보'!$B$7="예",J25,0)),"총원≠인원 구분 합계 ","")&IF(AND(K25<>"",D25<>"",K25>D25),"인건비>영업비용 ","")&IF(C25="","매출액 없음 ","")))
S26: =IF(A26="","",TRIM(IF(AND(D26="",E26=""),"영업비용/영업이익 없음 ","")&IF(AND(F26="",SUM(G26:J26)=0),"임직원 수 없음 ","")&IF(AND(K26="",SUM(L26:Q26)=0),"총 인건비 없음 ","")&IF(AND(K26<>"",SUM(L26:Q26)>K26),"세부 합계>총 인건비 ","")&IF(AND(F26<>"",SUM(G26:J26)>0,F26<>G26+IF('조직 정보'!$B$5="예",H26,0)+IF('조직 정보'!$B$6="예",I26,0)+IF('조직 정보'!$B$7="예",J26,0)),"총원≠인원 구분 합계 ","")&IF(AND(K26<>"",D26<>"",K26>D26),"인건비>영업비용 ","")&IF(C26="","매출액 없음 ","")))
... S302: =IF(A302="","",TRIM(IF(AND(D302="",E302=""),"영업비용/영업이익 없음 ","")&IF(AND(F302="",SUM(G302:J302)=0),"임직원 수 없음 ","")&IF(AND(K302="",SUM(L302:Q302)=0),"총 인건비 없음 ","")&IF(AND(K302<>"",SUM(L302:Q302)>K302),"세부 합계>총 인건비 ","")&IF(AND(F302<>"",SUM(G302:J302)>0,F302<>G302+IF('조직 정보'!$B$5="예",H302,0)+IF('조직 정보'!$B$6="예",I302,0)+IF('조직 정보'!$B$7="예",J302,0)),"총원≠인원 구분 합계 ","")&IF(AND(K302<>"",D302<>"",K302>D302),"인건비>영업비용 ","")&IF(C302="","매출액 없음 ","")))

Sheet 시나리오 비교
A1: 기준 기간 2025년 (합산) · 내보내기 시점의 시나리오 파라미터와 결과 (가져오기 시 무시)
A3: 시나리오 파라미터
A4: 항목 | B4: 시나리오 A | C4: 시나리오 B
A5: 인원 조정 방식 | B5: 비율(%) | C5: 비율(%)
A6: 인원 변동율(%) | B6: 10 | C6: 0
A7: 변동 인원(명) | B7: 0 | C7: 0
A8: 평균 임금 인상률(%) | B8: 5 | C8: 4
A9: 인당 생산성 변화율(%) | B9: 3 | C9: 5
A10: 비인건비 중 변동비 비율(%) | B10: 0 | C10: 0
A11: 손익분기 생산성 변화율(%) | B11: -4.3629808 | C11: 1.4375
A12: 임금 인상 상한(%) | B12: 25.488294 | C12: 13.913043
A14: 결과 비교
A15: 지표 | B15: 기준(2025년) | C15: 시나리오 A | D15: 증감 | E15: 시나리오 B | F15: 증감
A16: HCROI(배) | B16: 1.483871 | C16: 1.7734137 | D16: 0.28954272 | E16: 1.6253102 | F16: 0.14143921
A17: 총 인건비(원) | B17: 3100000000 | C17: 3.6012766e+09 | D17: 5.012766e+08 | E17: 3224000000 | F17: 124000000
A18: 영업이익(원) | B18: 1500000000 | C18: 2.7852766e+09 | D18: 1.2852766e+09 | E18: 2016000000 | F18: 516000000
A19: 매출액(원) | B19: 12800000000 | C19: 1.4586553e+10 | D19: 1.7865532e+09 | E19: 13440000000 | F19: 640000000
A20: 총 임직원 수(명) | B20: 47 | C20: 52 | D20: 5 | E20: 47 | F20: 0
A21: HCVA(원/인) | B21: 97872340 | C21: 1.2281833e+08 | D21: 24945990 | E21: 1.1148936e+08 | F21: 13617021
A22: 인당 매출액(원/인) | B22: 2.7234043e+08 | C22: 2.8051064e+08 | D22: 8170212.8 | E22: 2.8595745e+08 | F22: 13617021
A23: 인당 인건비(원/인) | B23: 65957447 | C23: 69255319 | D23: 3297872.3 | E23: 68595745 | F23: 2638297.9
A24: 영업이익률(%) | B24: 11.71875 | C24: 19.094824 | D24: 7.3760736 | E24: 15 | F24: 3.28125

Sheet 조직 정보
A1: 회사/조직 이름 | B1: 샘플전자
A2: 대시보드 제목에 붙습니다. 비워 두면 기본 제목("HCROI 대시보드")을 씁니다.
A4: 임직원 수 산정 방식 | B4: 기간 평균(FTE)
A5: 계약직·기간제 포함 | B5: 아니오
A6: 파견·도급(소속 외) 포함 | B6: 아니오
A7: 등기임원 포함 | B7: 아니오
A8: 인원 구분을 입력한 기간의 총 임직원 수는 이 기준으로 계산됩니다. 기간 평균/기말은 상위 기간을 합산할 때 인원을 모으는 방식이기도 합니다.
A10: 금액 단위 | B10: 원
A11: 입력 데이터 시트의 금액 칸 단위입니다. 결산서 단위 그대로 붙여 넣고 여기만 맞추세요. 비우면 원.
A13: 손익 입력 방식 | B13: 기간 실적
A14: 누계면 같은 연도·같은 단위 안에서 앞 순번을 뺀 값을 기간 실적으로 씁니다(1분기는 그대로). 인원은 누계가 아니라 그대로 읽습니다. 비우면 기간 실적.

Sheet 산식·가정
A1: 핵심 수식
A2: 1. 인적자본 투입 전 이익 = 영업이익 + 총 인건비 = 매출액 − (영업비용 − 총 인건비)
A3: 2. HCROI = (영업이익 + 총 인건비) ÷ 총 인건비 — 인건비 1원당 회수액(배). 1.0배 = 인건비만 회수
A4: 3. HCVA = (영업이익 + 총 인건비) ÷ 총 임직원 수 (원/인)
A5: 4. 총 인건비 = 기본급 + 성과급/수당 + 퇴직급여 + 법정후생비 + 기타 복리후생비 + 교육훈련비
A7: HCROI 등급
A8: 1.0배 미만 위험(영업손실) · 1.0~1.5배 보통 · 1.5배 이상 우수
A10: 시뮬레이션 가정
A11: 인원' = 기준 인원 × (1 + 인원 변동율) 또는 기준 인원 ± 변동 인원 (정수 반올림, 최소 0)
A12: 총 인건비' = 인원' × 기준 인당 인건비 × (1 + 임금 인상률)
A13: 매출액' = 인원' × 기준 인당 매출 × (1 + 생산성 변화율)
A14: 비인건비' = 고정비 + 변동비 × (매출액' ÷ 매출액) — 변동비 비율 기본 0% (전액 고정비)
... A19: 입력을 고치려면 "입력 데이터" 시트를 수정해 다시 가져오세요.
